INSERT INTO AREA VALUES ('15006', 'Bairdford');
INSERT INTO AREA VALUES ('15007', 'Bakerstown');
INSERT INTO AREA VALUES ('15014', 'Brackenridge');
INSERT INTO AREA VALUES ('15015', 'Bradfordwoods');
INSERT INTO AREA VALUES ('15017', 'Bridgeville');
INSERT INTO AREA VALUES ('15018', 'Buena Vista');
INSERT INTO AREA VALUES ('15020', 'Bunola');
INSERT INTO AREA VALUES ('15024', 'Cheswick');
INSERT INTO AREA VALUES ('15025', 'Clairton');
INSERT INTO AREA VALUES ('15028', 'Coulters');
INSERT INTO AREA VALUES ('15030', 'Creighton');
INSERT INTO AREA VALUES ('15031', 'Cuddy');
INSERT INTO AREA VALUES ('15032', 'Curtisville');
INSERT INTO AREA VALUES ('15034', 'Dravosburg');
INSERT INTO AREA VALUES ('15035', 'East Mc Keesport');
INSERT INTO AREA VALUES ('15037', 'Elizabeth');
INSERT INTO AREA VALUES ('15044', 'Gibsonia');
INSERT INTO AREA VALUES ('15045', 'Glassport');
INSERT INTO AREA VALUES ('15046', 'Crescent');
INSERT INTO AREA VALUES ('15047', 'Greenock');
INSERT INTO AREA VALUES ('15049', 'Harwick');
INSERT INTO AREA VALUES ('15051', 'Indianola');
INSERT INTO AREA VALUES ('15056', 'Leetsdale');
INSERT INTO AREA VALUES ('15064', 'Morgan');
INSERT INTO AREA VALUES ('15065', 'Natrona Heights');
INSERT INTO AREA VALUES ('15071', 'Oakdale');
INSERT INTO AREA VALUES ('15075', 'Rural Ridge');
INSERT INTO AREA VALUES ('15076', 'Russellton');
INSERT INTO AREA VALUES ('15082', 'Sturgeon');
INSERT INTO AREA VALUES ('15084', 'Tarentum');
INSERT INTO AREA VALUES ('15086', 'Warrendale');
INSERT INTO AREA VALUES ('15088', 'West Elizabeth');
INSERT INTO AREA VALUES ('15090', 'Wexford');
INSERT INTO AREA VALUES ('15091', 'Wildwood');
INSERT INTO AREA VALUES ('15095', 'Warrendale');
INSERT INTO AREA VALUES ('15096', 'Warrendale');
INSERT INTO AREA VALUES ('15101', 'Allison Park');
INSERT INTO AREA VALUES ('15102', 'Bethel Park');
INSERT INTO AREA VALUES ('15104', 'Braddock');
INSERT INTO AREA VALUES ('15106', 'Carnegie');
INSERT INTO AREA VALUES ('15108', 'Coraopolis');
INSERT INTO AREA VALUES ('15110', 'Duquesne');
INSERT INTO AREA VALUES ('15112', 'East Pittsburgh');
INSERT INTO AREA VALUES ('15116', 'Glenshaw');
INSERT INTO AREA VALUES ('15120', 'Homestead');
INSERT INTO AREA VALUES ('15122', 'West Mifflin');
INSERT INTO AREA VALUES ('15123', 'West Mifflin');
INSERT INTO AREA VALUES ('15126', 'Imperial');
INSERT INTO AREA VALUES ('15127', 'Ingomar');
INSERT INTO AREA VALUES ('15129', 'South Park');
INSERT INTO AREA VALUES ('15131', 'Mckeesport');
INSERT INTO AREA VALUES ('15132', 'Mckeesport');
INSERT INTO AREA VALUES ('15133', 'Mckeesport');
INSERT INTO AREA VALUES ('15134', 'Mckeesport');
INSERT INTO AREA VALUES ('15135', 'Mckeesport');
INSERT INTO AREA VALUES ('15136', 'Mc Kees Rocks');
INSERT INTO AREA VALUES ('15137', 'North Versailles');
INSERT INTO AREA VALUES ('15139', 'Oakmont');
INSERT INTO AREA VALUES ('15140', 'Pitcairn');
INSERT INTO AREA VALUES ('15142', 'Presto');
INSERT INTO AREA VALUES ('15143', 'Sewickley');
INSERT INTO AREA VALUES ('15144', 'Springdale');
INSERT INTO AREA VALUES ('15145', 'Turtle Creek');
INSERT INTO AREA VALUES ('15146', 'Monroeville');
INSERT INTO AREA VALUES ('15147', 'Verona');
INSERT INTO AREA VALUES ('15148', 'Wilmerding');
INSERT INTO AREA VALUES ('15201', 'Pittsburgh');
INSERT INTO AREA VALUES ('15202', 'Pittsburgh');
INSERT INTO AREA VALUES ('15203', 'Pittsburgh');
INSERT INTO AREA VALUES ('15204', 'Pittsburgh');
INSERT INTO AREA VALUES ('15205', 'Pittsburgh');
INSERT INTO AREA VALUES ('15206', 'Pittsburgh');
INSERT INTO AREA VALUES ('15207', 'Pittsburgh');
INSERT INTO AREA VALUES ('15208', 'Pittsburgh');
INSERT INTO AREA VALUES ('15209', 'Pittsburgh');
INSERT INTO AREA VALUES ('15210', 'Pittsburgh');
INSERT INTO AREA VALUES ('15211', 'Pittsburgh');
INSERT INTO AREA VALUES ('15212', 'Pittsburgh');
INSERT INTO AREA VALUES ('15213', 'Pittsburgh');
INSERT INTO AREA VALUES ('15214', 'Pittsburgh');
INSERT INTO AREA VALUES ('15215', 'Pittsburgh');
INSERT INTO AREA VALUES ('15216', 'Pittsburgh');
INSERT INTO AREA VALUES ('15217', 'Pittsburgh');
INSERT INTO AREA VALUES ('15218', 'Pittsburgh');
INSERT INTO AREA VALUES ('15219', 'Pittsburgh');
INSERT INTO AREA VALUES ('15220', 'Pittsburgh');
INSERT INTO AREA VALUES ('15221', 'Pittsburgh');
INSERT INTO AREA VALUES ('15222', 'Pittsburgh');
INSERT INTO AREA VALUES ('15223', 'Pittsburgh');
INSERT INTO AREA VALUES ('15224', 'Pittsburgh');
INSERT INTO AREA VALUES ('15225', 'Pittsburgh');
INSERT INTO AREA VALUES ('15226', 'Pittsburgh');
INSERT INTO AREA VALUES ('15227', 'Pittsburgh');
INSERT INTO AREA VALUES ('15228', 'Pittsburgh');
INSERT INTO AREA VALUES ('15229', 'Pittsburgh');
INSERT INTO AREA VALUES ('15230', 'Pittsburgh');
INSERT INTO AREA VALUES ('15231', 'Pittsburgh');
INSERT INTO AREA VALUES ('15232', 'Pittsburgh');
INSERT INTO AREA VALUES ('15233', 'Pittsburgh');
INSERT INTO AREA VALUES ('15234', 'Pittsburgh');
INSERT INTO AREA VALUES ('15235', 'Pittsburgh');
INSERT INTO AREA VALUES ('15236', 'Pittsburgh');
INSERT INTO AREA VALUES ('15237', 'Pittsburgh');
INSERT INTO AREA VALUES ('15238', 'Pittsburgh');
INSERT INTO AREA VALUES ('15239', 'Pittsburgh');
INSERT INTO AREA VALUES ('15240', 'Pittsburgh');
INSERT INTO AREA VALUES ('15241', 'Pittsburgh');
INSERT INTO AREA VALUES ('15242', 'Pittsburgh');
INSERT INTO AREA VALUES ('15243', 'Pittsburgh');
INSERT INTO AREA VALUES ('15244', 'Pittsburgh');
INSERT INTO AREA VALUES ('15250', 'Pittsburgh');
INSERT INTO AREA VALUES ('15251', 'Pittsburgh');
INSERT INTO AREA VALUES ('15252', 'Pittsburgh');
INSERT INTO AREA VALUES ('15253', 'Pittsburgh');
INSERT INTO AREA VALUES ('15254', 'Pittsburgh');
INSERT INTO AREA VALUES ('15255', 'Pittsburgh');
INSERT INTO AREA VALUES ('15257', 'Pittsburgh');
INSERT INTO AREA VALUES ('15258', 'Pittsburgh');
INSERT INTO AREA VALUES ('15259', 'Pittsburgh');
INSERT INTO AREA VALUES ('15260', 'Pittsburgh');
INSERT INTO AREA VALUES ('15261', 'Pittsburgh');
INSERT INTO AREA VALUES ('15262', 'Pittsburgh');
INSERT INTO AREA VALUES ('15264', 'Pittsburgh');
INSERT INTO AREA VALUES ('15265', 'Pittsburgh');
INSERT INTO AREA VALUES ('15267', 'Pittsburgh');
INSERT INTO AREA VALUES ('15268', 'Pittsburgh');
INSERT INTO AREA VALUES ('15270', 'Pittsburgh');
INSERT INTO AREA VALUES ('15272', 'Pittsburgh');
INSERT INTO AREA VALUES ('15274', 'Pittsburgh');
INSERT INTO AREA VALUES ('15275', 'Pittsburgh');
INSERT INTO AREA VALUES ('15276', 'Pittsburgh');
INSERT INTO AREA VALUES ('15277', 'Pittsburgh');
INSERT INTO AREA VALUES ('15278', 'Pittsburgh');
INSERT INTO AREA VALUES ('15279', 'Pittsburgh');
INSERT INTO AREA VALUES ('15281', 'Pittsburgh');
INSERT INTO AREA VALUES ('15282', 'Pittsburgh');
INSERT INTO AREA VALUES ('15283', 'Pittsburgh');
INSERT INTO AREA VALUES ('15286', 'Pittsburgh');
INSERT INTO AREA VALUES ('15289', 'Pittsburgh');
INSERT INTO AREA VALUES ('15290', 'Pittsburgh');
INSERT INTO AREA VALUES ('15295', 'Pittsburgh');
INSERT INTO Customer (username, password, phone, email, orgname, description, area_zipcode) VALUES
  ('kknight0', 'bjmYZVji', '4-(957)903-2622', 'srodriguez0@unblog.fr', 'Bluejam',
   'pulvinar nulla pede ullamcorper augue a suscipit nulla elit ac nulla sed vel enim sit amet nunc', '15217');
INSERT INTO Customer (username, password, phone, email, orgname, description, area_zipcode) VALUES
  ('jolson1', 'b3Jt1qf5orI', '0-(396)759-1369', 'jmartin1@geocities.jp', 'Twitterworks',
   'nascetur ridiculus mus etiam vel augue vestibulum rutrum rutrum neque aenean auctor gravida sem praesent id massa id', '15264');
INSERT INTO Customer (username, password, phone, email, orgname, description, area_zipcode) VALUES
  ('dkelley2', 'nrUQGq6vyO', '4-(685)091-0082', 'cbutler2@bandcamp.com', 'Babbleopia',
   'vitae ipsum aliquam non mauris morbi non lectus aliquam sit amet diam in magna bibendum imperdiet nullam orci pede venenatis',
   '15102');
INSERT INTO Customer (username, password, phone, email, orgname, description, area_zipcode) VALUES
  ('breynolds3', 'hgbjQI', '1-(551)936-2364', 'cmoreno3@typepad.com', 'Photospace',
   'volutpat erat quisque erat eros viverra eget congue eget semper rutrum nulla nunc purus phasellus in felis donec', '15035');
INSERT INTO Customer (username, password, phone, email, orgname, description, area_zipcode) VALUES
  ('mryan4', 'IdA9YDXR', '1-(663)961-6855', 'lmills4@hostgator.com', 'Youspan',
   'feugiat non pretium quis lectus suspendisse potenti in eleifend quam', '15281');
INSERT INTO Customer (username, password, phone, email, orgname, description, area_zipcode) VALUES
  ('hgarcia5', 'uBY6J2HMKBR', '2-(505)203-7739', 'mreynolds5@altervista.org', 'Wordpedia',
   'ipsum praesent blandit lacinia erat vestibulum sed magna at nunc', '15132');
INSERT INTO Customer (username, password, phone, email, orgname, description, area_zipcode) VALUES
  ('amiller6', '2jNXnnY', '0-(417)922-9639', 'jallen6@sohu.com', 'Yacero',
   'amet justo morbi ut odio cras mi pede malesuada in imperdiet et commodo vulputate justo in blandit ultrices enim lorem', '15071');
INSERT INTO Customer (username, password, phone, email, orgname, description, area_zipcode) VALUES
  ('mgutierrez7', 'NvBJToC', '1-(226)765-7095', 'jwheeler7@cloudflare.com', 'Vinder',
   'sem duis aliquam convallis nunc proin at turpis a pede posuere nonummy integer non', '15279');
INSERT INTO Customer (username, password, phone, email, orgname, description, area_zipcode) VALUES
  ('ccoleman8', 'lHZPFaTxG', '3-(689)300-9337', 'abell8@google.fr', 'Feedfire',
   'nulla ut erat id mauris vulputate elementum nullam varius nulla facilisi cras non', '15251');
INSERT INTO Customer (username, password, phone, email, orgname, description, area_zipcode) VALUES
  ('jmccoy9', '7AKL5yKOpcxo', '7-(256)399-4600', 'tprice9@cdc.gov', 'Buzzster',
   'in quis justo maecenas rhoncus aliquam lacus morbi quis tortor id nulla ultrices aliquet maecenas leo odio condimentum', '15132');
INSERT INTO Customer (username, password, phone, email, orgname, description, area_zipcode) VALUES
  ('pharveya', 'NZtqq8BBHdGL', '0-(070)435-2408', 'jlanea@weather.com', 'Oodoo',
   'praesent lectus vestibulum quam sapien varius ut blandit non interdum', '15096');
INSERT INTO Customer (username, password, phone, email, orgname, description, area_zipcode) VALUES
  ('jhowellb', 'TTGYdF', '8-(828)047-2140', 'bbrownb@mtv.com', 'Npath',
   'consectetuer eget rutrum at lorem integer tincidunt ante vel ipsum praesent blandit lacinia erat vestibulum sed', '15136');
INSERT INTO Customer (username, password, phone, email, orgname, description, area_zipcode) VALUES
  ('arobinsonc', 'rkoxV8ok3', '4-(004)706-9260', 'freyesc@accuweather.com', 'Katz',
   'ultrices erat tortor sollicitudin mi sit amet lobortis sapien sapien non', '15268');
INSERT INTO Customer (username, password, phone, email, orgname, description, area_zipcode) VALUES
  ('tmillsd', 'Lsn6yyGad', '3-(070)148-9872', 'amatthewsd@sun.com', 'Roodel',
   'phasellus in felis donec semper sapien a libero nam dui proin leo odio porttitor id consequat in consequat ut nulla', '15242');
INSERT INTO Customer (username, password, phone, email, orgname, description, area_zipcode) VALUES
  ('tmarshalle', '3FrsG5OF1iPL', '0-(893)542-8634', 'rbakere@cnn.com', 'Aimbu',
   'aliquam sit amet diam in magna bibendum imperdiet nullam orci pede venenatis non sodales sed tincidunt eu felis fusce', '15224');
INSERT INTO Customer (username, password, phone, email, orgname, description, area_zipcode) VALUES
  ('jleef', 'MWEIDm', '7-(802)509-3770', 'nsandersf@baidu.com', 'Divape',
   'ut odio cras mi pede malesuada in imperdiet et commodo vulputate justo in blandit ultrices', '15143');
INSERT INTO Customer (username, password, phone, email, orgname, description, area_zipcode) VALUES
  ('jbrowng', 'l3ADKTj5', '7-(199)812-8467', 'jcolemang@wiley.com', 'Wikizz',
   'condimentum id luctus nec molestie sed justo pellentesque viverra pede ac diam cras pellentesque volutpat', '15064');
INSERT INTO Customer (username, password, phone, email, orgname, description, area_zipcode) VALUES
  ('dmasonh', 'wUTj1wt', '0-(771)583-3100', 'lgonzalezh@prlog.org', 'Zoombeat',
   'convallis eget eleifend luctus ultricies eu nibh quisque id justo sit amet sapien dignissim vestibulum', '15274');
INSERT INTO Customer (username, password, phone, email, orgname, description, area_zipcode) VALUES
  ('acunninghami', 'JmXePORdX', '1-(922)086-3355', 'jsimmonsi@mediafire.com', 'Skyba',
   'amet nulla quisque arcu libero rutrum ac lobortis vel dapibus at', '15278');
INSERT INTO Customer (username, password, phone, email, orgname, description, area_zipcode) VALUES
  ('cmitchellj', 'MHbtzg', '3-(739)649-8577', 'thenryj@nytimes.com', 'Photojam',
   'nullam varius nulla facilisi cras non velit nec nisi vulputate nonummy', '15257');
INSERT INTO Customer (username, password, phone, email, orgname, description, area_zipcode) VALUES
  ('trosek', '5StdnBxnJ', '7-(583)179-8571', 'hhillk@1688.com', 'Camido',
   'nisl venenatis lacinia aenean sit amet justo morbi ut odio cras mi pede malesuada in imperdiet et commodo vulputate', '15091');
INSERT INTO Customer (username, password, phone, email, orgname, description, area_zipcode) VALUES
  ('jsullivanl', 'T1c7lKO9Eh', '7-(386)035-2192', 'mcolel@wikia.com', 'Zooxo',
   'tincidunt eu felis fusce posuere felis sed lacus morbi sem mauris laoreet ut rhoncus aliquet pulvinar sed nisl', '15225');
INSERT INTO Customer (username, password, phone, email, orgname, description, area_zipcode) VALUES
  ('vcolemanm', 'u1iaVtqMdQx', '4-(495)258-7952', 'tdeanm@mit.edu', 'Centidel',
   'sapien placerat ante nulla justo aliquam quis turpis eget elit sodales scelerisque mauris sit amet eros suspendisse accumsan tortor',
   '15236');
INSERT INTO Customer (username, password, phone, email, orgname, description, area_zipcode) VALUES
  ('aortizn', 'WTN0Pe2Ja', '6-(506)007-2804', 'aaustinn@wsj.com', 'Wikibox',
   'molestie hendrerit at vulputate vitae nisl aenean lectus pellentesque eget nunc donec quis orci eget orci vehicula condimentum curabitur in',
   '15102');
INSERT INTO Customer (username, password, phone, email, orgname, description, area_zipcode) VALUES
  ('jbaileyo', 'PZtZwFWkS', '1-(392)017-5349', 'sdixono@kickstarter.com', 'Yambee',
   'libero non mattis pulvinar nulla pede ullamcorper augue a suscipit nulla elit ac nulla sed vel enim sit', '15122');
INSERT INTO Customer (username, password, phone, email, orgname, description, area_zipcode) VALUES
  ('apalmerp', '3fBFPX', '1-(128)486-8401', 'awhitep@moonfruit.com', 'Realbuzz',
   'sed justo pellentesque viverra pede ac diam cras pellentesque volutpat dui maecenas tristique est et tempus semper est quam',
   '15106');
INSERT INTO Customer (username, password, phone, email, orgname, description, area_zipcode) VALUES
  ('tharrisonq', 'mqzXn6u4', '2-(331)415-0845', 'ecrawfordq@blogger.com', 'Tagtune',
   'orci mauris lacinia sapien quis libero nullam sit amet turpis elementum ligula vehicula', '15086');
INSERT INTO Customer (username, password, phone, email, orgname, description, area_zipcode) VALUES
  ('scrawfordr', '9jbT9gN', '1-(420)719-1431', 'mhicksr@cpanel.net', 'Oyope',
   'lacus at velit vivamus vel nulla eget eros elementum pellentesque quisque porta volutpat erat quisque erat eros', '15234');
INSERT INTO Customer (username, password, phone, email, orgname, description, area_zipcode) VALUES
  ('afreemans', 'bbfbiT', '7-(422)143-4553', 'aperezs@cnbc.com', 'Skimia',
   'dui maecenas tristique est et tempus semper est quam pharetra magna ac consequat metus', '15242');
INSERT INTO Customer (username, password, phone, email, orgname, description, area_zipcode) VALUES
  ('tperkinst', 'JJTS4p1wDGk', '7-(142)012-5873', 'shansont@mlb.com', 'Thoughtbeat',
   'morbi porttitor lorem id ligula suspendisse ornare consequat lectus in est', '15140');
INSERT INTO Customer (username, password, phone, email, orgname, description, area_zipcode) VALUES
  ('fgarzau', 'JN73BBKqstkB', '0-(841)419-7528', 'ngreenu@cbsnews.com', 'Wikizz',
   'eget elit sodales scelerisque mauris sit amet eros suspendisse accumsan tortor quis turpis sed ante', '15137');
INSERT INTO Customer (username, password, phone, email, orgname, description, area_zipcode) VALUES
  ('pricev', 'tPxDtaBuUWLD', '3-(014)322-5551', 'phenryv@indiatimes.com', 'Jabbercube',
   'blandit non interdum in ante vestibulum ante ipsum primis in faucibus orci luctus et ultrices posuere cubilia curae', '15235');
INSERT INTO Customer (username, password, phone, email, orgname, description, area_zipcode) VALUES
  ('ahamiltonw', 'grAeYCf', '2-(001)527-9259', 'wwoodsw@prnewswire.com', 'Feedspan',
   'ante nulla justo aliquam quis turpis eget elit sodales scelerisque mauris sit amet eros suspendisse accumsan tortor quis turpis',
   '15102');
INSERT INTO Customer (username, password, phone, email, orgname, description, area_zipcode) VALUES
  ('lhansenx', 'i2aFEGYfXyI', '0-(125)700-8428', 'acollinsx@tripod.com', 'Skilith',
   'in quam fringilla rhoncus mauris enim leo rhoncus sed vestibulum sit', '15270');
INSERT INTO Customer (username, password, phone, email, orgname, description, area_zipcode) VALUES
  ('pwilsony', '4LVIbwr', '3-(491)021-8342', 'lwilliamsony@apache.org', 'Tagopia',
   'aliquet pulvinar sed nisl nunc rhoncus dui vel sem sed sagittis nam', '15265');
INSERT INTO Customer (username, password, phone, email, orgname, description, area_zipcode) VALUES
  ('cgilbertz', 'NIKHABGGaEhT', '5-(155)053-8135', 'dstevensz@howstuffworks.com', 'Realpoint',
   'ac nibh fusce lacus purus aliquet at feugiat non pretium quis lectus suspendisse', '15082');
INSERT INTO Customer (username, password, phone, email, orgname, description, area_zipcode) VALUES
  ('ljones10', 'TEX4L9R7', '0-(110)129-4679', 'jmyers10@toplist.cz', 'Kaymbo',
   'morbi quis tortor id nulla ultrices aliquet maecenas leo odio condimentum id luctus nec molestie sed justo pellentesque viverra pede',
   '15028');
INSERT INTO Customer (username, password, phone, email, orgname, description, area_zipcode) VALUES
  ('jcarr11', 'D5Y6uzn', '9-(817)607-9497', 'mlynch11@delicious.com', 'Dabtype',
   'elit proin risus praesent lectus vestibulum quam sapien varius ut', '15261');
INSERT INTO Customer (username, password, phone, email, orgname, description, area_zipcode) VALUES
  ('mnichols12', 'j1R7xg68', '2-(123)455-9045', 'hhall12@salon.com', 'Jatri',
   'non ligula pellentesque ultrices phasellus id sapien in sapien iaculis congue vivamus metus arcu adipiscing molestie hendrerit at vulputate vitae',
   '15260');
INSERT INTO Customer (username, password, phone, email, orgname, description, area_zipcode) VALUES
  ('nwebb13', '6aTxyCL1r2W', '9-(504)097-7874', 'kandrews13@ask.com', 'Trupe',
   'massa volutpat convallis morbi odio odio elementum eu interdum eu tincidunt in leo maecenas pulvinar lobortis est phasellus sit amet',
   '15122');
INSERT INTO Customer (username, password, phone, email, orgname, description, area_zipcode) VALUES
  ('dramos14', 'jt1dltbCO', '3-(660)046-2783', 'lsimmons14@slashdot.org', 'Buzzster',
   'ut at dolor quis odio consequat varius integer ac leo', '15201');
INSERT INTO Customer (username, password, phone, email, orgname, description, area_zipcode) VALUES
  ('lgutierrez15', 'WQ3qxIseRWP', '0-(641)978-0247', 'rsanders15@cafepress.com', 'Yadel',
   'ipsum praesent blandit lacinia erat vestibulum sed magna at nunc commodo placerat praesent blandit nam nulla integer pede justo',
   '15116');
INSERT INTO Customer (username, password, phone, email, orgname, description, area_zipcode) VALUES
  ('ccarr16', 'UcNUH5FEjcV', '1-(926)540-2355', 'dfisher16@weibo.com', 'Blogspan',
   'augue a suscipit nulla elit ac nulla sed vel enim sit amet nunc viverra dapibus nulla suscipit ligula in', '15132');
INSERT INTO Customer (username, password, phone, email, orgname, description, area_zipcode) VALUES
  ('agarrett17', 'HdF2zycXae', '8-(661)149-7562', 'tsanchez17@usda.gov', 'JumpXS',
   'mauris vulputate elementum nullam varius nulla facilisi cras non velit nec nisi vulputate nonummy maecenas', '15144');
INSERT INTO Customer (username, password, phone, email, orgname, description, area_zipcode) VALUES
  ('rreid18', 'QZs97Z9mnv', '7-(494)641-1871', 'jsimmons18@desdev.cn', 'Eare',
   'magnis dis parturient montes nascetur ridiculus mus vivamus vestibulum sagittis sapien cum sociis natoque penatibus et magnis dis parturient montes',
   '15231');
INSERT INTO Customer (username, password, phone, email, orgname, description, area_zipcode) VALUES
  ('pmarshall19', 'z0Ux9uvZChb', '9-(952)608-3409', 'kfreeman19@vistaprint.com', 'Photospace',
   'ac nulla sed vel enim sit amet nunc viverra dapibus nulla suscipit ligula', '15014');
INSERT INTO Customer (username, password, phone, email, orgname, description, area_zipcode) VALUES
  ('llewis1a', 'm5OypFP8vbZ', '9-(651)050-5786', 'mchapman1a@pcworld.com', 'Devcast',
   'tincidunt nulla mollis molestie lorem quisque ut erat curabitur gravida nisi at nibh in hac habitasse platea dictumst aliquam augue',
   '15028');
INSERT INTO Customer (username, password, phone, email, orgname, description, area_zipcode) VALUES
  ('dperkins1b', 'T8pN5Ct', '8-(768)271-7710', 'jowens1b@bizjournals.com', 'Mita',
   'cras non velit nec nisi vulputate nonummy maecenas tincidunt lacus at velit vivamus vel nulla eget eros elementum pellentesque quisque',
   '15120');
INSERT INTO Customer (username, password, phone, email, orgname, description, area_zipcode) VALUES
  ('jmyers1c', 'RqIbSSW', '4-(033)555-3518', 'dweaver1c@fema.gov', 'Flashpoint',
   'tempor convallis nulla neque libero convallis eget eleifend luctus ultricies', '15201');
INSERT INTO Customer (username, password, phone, email, orgname, description, area_zipcode) VALUES
  ('jscott1d', 'q1QgxOH', '6-(883)037-7447', 'shernandez1d@google.com.au', 'Shufflebeat',
   'vel enim sit amet nunc viverra dapibus nulla suscipit ligula in lacus curabitur at ipsum', '15261');
INSERT INTO Supplier (username, password, phone, email, orgname, description, area_zipcode) VALUES
  ('cfranklin0', 'DfvXeZuMSYn8', '6-(511)885-9546', 'afrazier0@usgs.gov', 'Feedspan',
   'nullam molestie nibh in lectus pellentesque at nulla suspendisse potenti cras in purus eu magna vulputate', '15120');
INSERT INTO Supplier (username, password, phone, email, orgname, description, area_zipcode) VALUES
  ('bmeyer1', 'GUX09gtkcqo', '9-(257)336-3909', 'rortiz1@mapy.cz', 'Devify',
   'pellentesque quisque porta volutpat erat quisque erat eros viverra eget congue eget', '15142');
INSERT INTO Supplier (username, password, phone, email, orgname, description, area_zipcode) VALUES
  ('cprice2', '8eP5Gx0', '4-(889)296-1938', 'lgarza2@dailymotion.com', 'Innotype',
   'nunc donec quis orci eget orci vehicula condimentum curabitur in libero ut massa volutpat convallis morbi', '15279');
INSERT INTO Supplier (username, password, phone, email, orgname, description, area_zipcode) VALUES
  ('bhernandez3', 'GNSLlmfg6', '3-(202)631-6466', 'lhart3@miibeian.gov.cn', 'Jabbersphere',
   'leo pellentesque ultrices mattis odio donec vitae nisi nam ultrices libero non mattis pulvinar nulla pede ullamcorper augue',
   '15047');
INSERT INTO Supplier (username, password, phone, email, orgname, description, area_zipcode) VALUES
  ('jcook4', 'VsTIUW', '0-(297)340-2846', 'rryan4@ameblo.jp', 'Photobug',
   'nec dui luctus rutrum nulla tellus in sagittis dui vel nisl duis ac nibh fusce lacus purus', '15243');
INSERT INTO Supplier (username, password, phone, email, orgname, description, area_zipcode) VALUES
  ('rmedina5', 'QfWfJBTk0xt', '5-(060)481-9333', 'jmorales5@amazon.de', 'Aivee',
   'ut mauris eget massa tempor convallis nulla neque libero convallis', '15030');
INSERT INTO Supplier (username, password, phone, email, orgname, description, area_zipcode) VALUES
  ('jmcdonald6', 'xtHwNXrRaHv', '4-(949)499-3234', 'llittle6@lycos.com', 'Janyx',
   'ipsum dolor sit amet consectetuer adipiscing elit proin interdum mauris non ligula pellentesque ultrices phasellus id', '15233');
INSERT INTO Supplier (username, password, phone, email, orgname, description, area_zipcode) VALUES
  ('hwillis7', 'y6EdtNda0', '4-(755)750-6539', 'tfoster7@independent.co.uk', 'Feedfire',
   'ut at dolor quis odio consequat varius integer ac leo pellentesque ultrices mattis', '15203');
INSERT INTO Supplier (username, password, phone, email, orgname, description, area_zipcode) VALUES
  ('rlynch8', 'RSsuFKOF', '5-(054)712-4977', 'mward8@infoseek.co.jp', 'Oyonder',
   'at ipsum ac tellus semper interdum mauris ullamcorper purus sit amet nulla quisque arcu libero rutrum ac lobortis vel', '15211');
INSERT INTO Supplier (username, password, phone, email, orgname, description, area_zipcode) VALUES
  ('dbryant9', 'RNc5cQKPfF', '4-(352)819-5061', 'aarnold9@github.io', 'Gigashots',
   'lectus vestibulum quam sapien varius ut blandit non interdum in ante vestibulum ante ipsum primis in faucibus orci luctus et',
   '15233');
INSERT INTO Supplier (username, password, phone, email, orgname, description, area_zipcode) VALUES
  ('kpereza', '0dQ6rfMx', '7-(222)210-7920', 'dpiercea@wikia.com', 'Twimbo',
   'volutpat erat quisque erat eros viverra eget congue eget semper rutrum nulla nunc purus phasellus in felis donec', '15014');
INSERT INTO Supplier (username, password, phone, email, orgname, description, area_zipcode) VALUES
  ('towensb', 'Bevzj0', '7-(259)736-1702', 'bweaverb@wix.com', 'Browsecat',
   'vestibulum ante ipsum primis in faucibus orci luctus et ultrices posuere cubilia curae mauris viverra diam', '15265');
INSERT INTO Supplier (username, password, phone, email, orgname, description, area_zipcode) VALUES
  ('ccrawfordc', 'CAkXsrtg1ITS', '9-(471)490-5200', 'rbrooksc@topsy.com', 'Jabberstorm',
   'leo maecenas pulvinar lobortis est phasellus sit amet erat nulla tempus vivamus in felis eu sapien', '15258');
INSERT INTO Supplier (username, password, phone, email, orgname, description, area_zipcode) VALUES
  ('rpriced', 'WiuTu9Gs6j', '6-(788)323-9754', 'ahalld@sciencedaily.com', 'Kayveo',
   'eu est congue elementum in hac habitasse platea dictumst morbi', '15129');
INSERT INTO Supplier (username, password, phone, email, orgname, description, area_zipcode) VALUES
  ('jwilliamsone', 'IHWcyi', '9-(579)407-6720', 'dgarzae@ow.ly', 'Yamia',
   'vestibulum aliquet ultrices erat tortor sollicitudin mi sit amet lobortis sapien', '15148');
INSERT INTO Supplier (username, password, phone, email, orgname, description, area_zipcode) VALUES
  ('jdiazf', '3MRGVZH5o', '1-(150)531-8865', 'ljordanf@wiley.com', 'Bluezoom',
   'amet justo morbi ut odio cras mi pede malesuada in imperdiet et commodo vulputate justo', '15064');
INSERT INTO Supplier (username, password, phone, email, orgname, description, area_zipcode) VALUES
  ('rphillipsg', 'q9WJhvIp', '5-(696)107-4571', 'vgrahamg@reverbnation.com', 'Demizz',
   'pulvinar sed nisl nunc rhoncus dui vel sem sed sagittis nam congue risus semper porta volutpat quam pede lobortis', '15240');
INSERT INTO Supplier (username, password, phone, email, orgname, description, area_zipcode) VALUES
  ('hrichardsh', 'lCF5nIYV7', '9-(933)398-4287', 'jpalmerh@msn.com', 'Devify',
   'placerat praesent blandit nam nulla integer pede justo lacinia eget tincidunt eget tempus vel', '15232');
INSERT INTO Supplier (username, password, phone, email, orgname, description, area_zipcode) VALUES
  ('tjenkinsi', 'g0UoLBwc', '4-(055)324-5895', 'cmccoyi@tuttocitta.it', 'Livepath',
   'proin at turpis a pede posuere nonummy integer non velit donec diam neque vestibulum eget vulputate ut', '15250');
INSERT INTO Supplier (username, password, phone, email, orgname, description, area_zipcode) VALUES
  ('sjordanj', '5VdyNIVh', '8-(296)030-8301', 'lkennedyj@deviantart.com', 'Dazzlesphere',
   'nulla quisque arcu libero rutrum ac lobortis vel dapibus at diam nam tristique tortor eu pede', '15237');
INSERT INTO Supplier (username, password, phone, email, orgname, description, area_zipcode) VALUES
  ('khenryk', 'QL5Wedx', '8-(880)830-1406', 'mdunnk@noaa.gov', 'Voonder',
   'iaculis justo in hac habitasse platea dictumst etiam faucibus cursus urna ut tellus nulla ut', '15214');
INSERT INTO Supplier (username, password, phone, email, orgname, description, area_zipcode) VALUES
  ('cfosterl', 'gNncBV', '2-(881)918-2600', 'rhowardl@twitter.com', 'Flipbug',
   'duis bibendum morbi non quam nec dui luctus rutrum nulla tellus in sagittis', '15135');
INSERT INTO Supplier (username, password, phone, email, orgname, description, area_zipcode) VALUES
  ('dsimmonsm', 'zpdF2wF', '4-(932)389-6094', 'arosem@cam.ac.uk', 'Brightdog',
   'varius ut blandit non interdum in ante vestibulum ante ipsum primis in faucibus orci luctus et', '15071');
INSERT INTO Supplier (username, password, phone, email, orgname, description, area_zipcode) VALUES
  ('kreedn', 'xqeprM', '3-(468)264-4277', 'gwatkinsn@mtv.com', 'Kwinu',
   'ante ipsum primis in faucibus orci luctus et ultrices posuere cubilia curae donec pharetra', '15255');
INSERT INTO Supplier (username, password, phone, email, orgname, description, area_zipcode) VALUES
  ('arobertso', 'x9iMXYrf', '3-(645)888-9018', 'hwheelero@alexa.com', 'Zoombeat',
   'rutrum nulla nunc purus phasellus in felis donec semper sapien a libero nam dui proin', '15090');
INSERT INTO Supplier (username, password, phone, email, orgname, description, area_zipcode) VALUES
  ('shartp', 'AIw8gEA9', '9-(525)031-3803', 'dgrayp@geocities.jp', 'Gabspot',
   'cras non velit nec nisi vulputate nonummy maecenas tincidunt lacus at velit vivamus vel nulla eget eros elementum', '15147');
INSERT INTO Supplier (username, password, phone, email, orgname, description, area_zipcode) VALUES
  ('dgomezq', 'bfq19Q1d1', '3-(039)891-5076', 'lthomasq@phoca.cz', 'Realbridge',
   'pharetra magna vestibulum aliquet ultrices erat tortor sollicitudin mi sit amet lobortis sapien sapien non mi integer ac',
   '15229');
INSERT INTO Supplier (username, password, phone, email, orgname, description, area_zipcode) VALUES
  ('tpetersonr', 'Rirmhaj2K', '3-(096)374-7840', 'adeanr@baidu.com', 'Quatz',
   'ut erat curabitur gravida nisi at nibh in hac habitasse platea', '15207');
INSERT INTO Supplier (username, password, phone, email, orgname, description, area_zipcode) VALUES
  ('eolivers', 'E7jBpdi9yd', '7-(872)804-3672', 'rpeterss@walmart.com', 'Wordify',
   'nisi venenatis tristique fusce congue diam id ornare imperdiet sapien urna pretium nisl ut volutpat sapien arcu sed', '15231');
INSERT INTO Supplier (username, password, phone, email, orgname, description, area_zipcode) VALUES
  ('bgibsont', 'TXb2AzaMx4IU', '0-(121)358-8121', 'cmontgomeryt@nifty.com', 'Tanoodle',
   'nulla eget eros elementum pellentesque quisque porta volutpat erat quisque erat', '15091');
INSERT INTO Supplier (username, password, phone, email, orgname, description, area_zipcode) VALUES
  ('proseu', 'ehlUTl2viA', '2-(420)785-5146', 'nwoodsu@cdbaby.com', 'Skyba',
   'sapien arcu sed augue aliquam erat volutpat in congue etiam justo etiam pretium iaculis', '15223');
INSERT INTO Supplier (username, password, phone, email, orgname, description, area_zipcode) VALUES
  ('agarzav', 'zV2v1io', '7-(204)750-6173', 'jwilliamsv@mediafire.com', 'Buzzster',
   'mattis pulvinar nulla pede ullamcorper augue a suscipit nulla elit ac nulla sed vel enim', '15088');
INSERT INTO Supplier (username, password, phone, email, orgname, description, area_zipcode) VALUES
  ('rmorrisonw', 'zPnXli5', '6-(538)942-2210', 'pwatsonw@tripod.com', 'Devify',
   'hac habitasse platea dictumst etiam faucibus cursus urna ut tellus nulla ut erat id mauris', '15035');
INSERT INTO Supplier (username, password, phone, email, orgname, description, area_zipcode) VALUES
  ('jwebbx', '0U5C8oBtBRNV', '3-(487)484-6862', 'krodriguezx@rambler.ru', 'Browsedrive',
   'ipsum ac tellus semper interdum mauris ullamcorper purus sit amet nulla quisque arcu libero rutrum', '15240');
INSERT INTO Supplier (username, password, phone, email, orgname, description, area_zipcode) VALUES
  ('emedinay', '9lDNn3pT4kP', '5-(766)164-6721', 'aandrewsy@creativecommons.org', 'Aibox',
   'eget massa tempor convallis nulla neque libero convallis eget eleifend luctus ultricies eu nibh quisque id justo', '15241');
INSERT INTO Supplier (username, password, phone, email, orgname, description, area_zipcode) VALUES
  ('kramosz', 'UYTQ90wh', '6-(543)999-8453', 'landersonz@fc2.com', 'Katz',
   'maecenas rhoncus aliquam lacus morbi quis tortor id nulla ultrices aliquet maecenas leo odio condimentum id luctus nec', '15257');
INSERT INTO Supplier (username, password, phone, email, orgname, description, area_zipcode) VALUES
  ('sroberts10', 'QIbd12bMJSl', '4-(418)187-9092', 'tstone10@icio.us', 'Browsedrive',
   'mauris non ligula pellentesque ultrices phasellus id sapien in sapien iaculis congue vivamus metus arcu adipiscing molestie hendrerit at vulputate',
   '15282');
INSERT INTO Supplier (username, password, phone, email, orgname, description, area_zipcode) VALUES
  ('achavez11', '2XmHudDzell', '3-(801)425-7835', 'wrussell11@woothemes.com', 'Reallinks',
   'ante vel ipsum praesent blandit lacinia erat vestibulum sed magna at nunc', '15207');
INSERT INTO Supplier (username, password, phone, email, orgname, description, area_zipcode) VALUES
  ('lperry12', 'batBPY6Aerb', '2-(787)170-9680', 'kmcdonald12@yahoo.co.jp', 'Thoughtmix',
   'cum sociis natoque penatibus et magnis dis parturient montes nascetur ridiculus mus', '15116');
INSERT INTO Supplier (username, password, phone, email, orgname, description, area_zipcode) VALUES
  ('cgilbert13', 'HiKM3x9sCp', '9-(252)252-4362', 'dspencer13@google.it', 'Topicblab',
   'dui vel sem sed sagittis nam congue risus semper porta volutpat', '15065');
INSERT INTO Supplier (username, password, phone, email, orgname, description, area_zipcode) VALUES
  ('rhamilton14', '9LJSzrTxZMxy', '8-(943)162-5355', 'mmontgomery14@github.com', 'Zoozzy',
   'ante nulla justo aliquam quis turpis eget elit sodales scelerisque mauris sit amet eros suspendisse accumsan tortor quis',
   '15261');
INSERT INTO Supplier (username, password, phone, email, orgname, description, area_zipcode) VALUES
  ('rturner15', '45m5YL0', '9-(922)770-9316', 'frogers15@businessinsider.com', 'Twitterbridge',
   'ut erat curabitur gravida nisi at nibh in hac habitasse', '15260');
INSERT INTO Supplier (username, password, phone, email, orgname, description, area_zipcode) VALUES
  ('bpayne16', 'rtboKn', '9-(693)863-3108', 'mallen16@weibo.com', 'Thoughtstorm',
   'id lobortis convallis tortor risus dapibus augue vel accumsan tellus nisi eu orci mauris lacinia sapien quis libero nullam sit',
   '15254');
INSERT INTO Supplier (username, password, phone, email, orgname, description, area_zipcode) VALUES
  ('mstewart17', 'NX6voS', '1-(716)480-6727', 'aramirez17@nationalgeographic.com', 'Zoombox',
   'amet sapien dignissim vestibulum vestibulum ante ipsum primis in faucibus orci', '15255');
INSERT INTO Supplier (username, password, phone, email, orgname, description, area_zipcode) VALUES
  ('jpeterson18', '4ldfgC', '4-(361)430-6802', 'abaker18@aboutads.info', 'Linktype',
   'porttitor lacus at turpis donec posuere metus vitae ipsum aliquam non mauris', '15143');
INSERT INTO Supplier (username, password, phone, email, orgname, description, area_zipcode) VALUES
  ('salexander19', '9jyPMG', '0-(969)644-3557', 'cflores19@plala.or.jp', 'Vimbo',
   'semper rutrum nulla nunc purus phasellus in felis donec semper sapien a libero nam dui proin', '15007');
INSERT INTO Supplier (username, password, phone, email, orgname, description, area_zipcode) VALUES
  ('fhill1a', 'Umiqp1c', '6-(144)313-8479', 'hramirez1a@indiatimes.com', 'Thoughtbeat',
   'varius integer ac leo pellentesque ultrices mattis odio donec vitae nisi', '15049');
INSERT INTO Supplier (username, password, phone, email, orgname, description, area_zipcode) VALUES
  ('kknight1b', 'EsV85nT5N', '4-(548)757-3346', 'bwarren1b@columbia.edu', 'Linkbridge',
   'volutpat erat quisque erat eros viverra eget congue eget semper', '15226');
INSERT INTO Supplier (username, password, phone, email, orgname, description, area_zipcode) VALUES
  ('jnichols1c', '01y7Uf', '1-(284)279-1824', 'rfisher1c@instagram.com', 'Muxo',
   'libero ut massa volutpat convallis morbi odio odio elementum eu interdum eu tincidunt in leo maecenas pulvinar', '15018');
INSERT INTO Supplier (username, password, phone, email, orgname, description, area_zipcode) VALUES
  ('randrews1d', 'YEmiQSCt76', '6-(485)162-8242', 'jrussell1d@deliciousdays.com', 'Muxo',
   'quam turpis adipiscing lorem vitae mattis nibh ligula nec sem duis aliquam convallis nunc proin at turpis a', '15090');
